{
    "DATABASE": {
        "AUTHOR": "> - {e:database} Ei, **<name>**, verifiquei em meu **banco de dados** e não encontrei dados seus, use o comando [ **<command>** ], e **obtenha acesso** aos meus comandos.",
        
        "MENTIONED": "> - {e:database} Ei, **<name>**, o usuário **especificado** não está registrado em meu **banco de dados**, portanto a **execução** do comando não e possível."
    },

    "BLACKLISTED": {
        "AUTHOR": "> - {e:remove} Ei, **<name>**, você foi **proibido** de utilizar os meus **comandos**. para obter mais **informações** entre em contanto com o meu **suporte** em **meu servidor**.",
        
        "MENTIONED": "> - {e:remove} Ei, **<name>**, o usuário fornecido está **proibido** do uso dos meus **comandos**. portanto a **execução** do comando não será possível."
    },

    "PERMISSIONS": {
        "AUTHOR": "> - {e:remove} Poxa, **<name>**, você não tem as **permissões necessárias** para executar esse **comando**, você precisa das **permissões**: <permissions>",

        "CLIENT": "> - {e:remove} Poxa, **<name>**, eu não tenho as **permissões necessárias** para executar o **comando**, eu preciso das **permissões**: <permissions>"
    },

    "COOLDOWNS": "> - **(⏰) ›** Calma aí, **<name>**! você está **usando** os meus **comandos** rápido demais, você poderá **executar** outro comando [ <t:<cooldown>:R> ]."
}