{
    "Perms": {
        "Administrator": "Administrador",
        "CreateInstantInvite": "Criar convite instantâneo",
        "KickMembers": "Expulsar membros",
        "BanMembers": "Banir membros",
        "ManageChannels": "Gerenciar canais",
        "ManageGuild": "Gerenciar servidor",
        "AddReactions": "Adicionar reações",
        "ViewAuditLog": "Ver logs de auditoria",
        "PrioritySpeaker": "Voz com prioridade",
        "Stream": "Transmitir",
        "ViewChannel": "Ver canal",
        "SendMessages": "Enviar mensagens",
        "SendTtsMessages": "Enviar mensagens TTS",
        "ManageMessages": "Gerenciar mensagens",
        "EmbedLinks": "Prévia de links",
        "AttachFiles": "Anexar arquivos",
        "ReadMessageHistory": "Ler histórico de mensagens",
        "MentionEveryone": "Mencionar everyone",
        "UseExternalEmojis": "Usar emojis externos",
        "ViewGuildInsights": "Ver estatísticas do servidor",
        "Connect": "Conectar",
        "Speak": "Falar",
        "MuteMembers": "Silenciar membros",
        "DeafenMembers": "Ensurdecer membros",
        "MoveMembers": "Mover membros",
        "UseVad": "Usar detecção de voz",
        "ChangeNickname": "Mudar Apelido",
        "ManageNicknames": "Gerenciar apelidos",
        "ManageRoles": "Gerenciar cargos",
        "ManageWebhooks": "Gerenciar webhooks",
        "ManageEmojis": "Gerenciar emojis"
      }
}